Total,Male,Female
6,4,2
55,26,29
1529,928,601
1605,925,680
1554,862,692
1529,791,738
1315,648,667
1212,586,626
1081,520,561
1039,504,535
1136,554,582
1085,544,541
1180,613,567
1253,626,627
1283,660,623
1259,668,591
1150,572,578
1134,581,553
1093,551,542
996,511,485
952,483,469
887,454,433
847,423,424
1001,487,514
1139,573,566
1231,630,601
1201,641,559
1261,687,572
1222,665,553
1120,594,519
1147,617,527
1189,652,537
1273,672,601
1297,662,635
1366,689,677
1431,701,729
1490,732,758
1422,687,735
1330,618,712
1296,582,714
1430,656,774
14,10,4
21,9,12
19,5,14
232,152,80
249,167,82
281,189,92
281,199,82
294,189,105
286,174,112
292,169,123
279,159,120
288,169,119
329,186,143
385,218,167
389,224,164
343,206,137
335,214,121
398,231,167
240,77,163
234,69,165
248,78,170
253,79,174
257,78,179
250,79,171
256,75,181
266,71,195
262,67,195
262,67,195
254,74,180
270,76,194
237,75,162
235,75,160
259,83,176
224,79,145
235,105,130
273,113,160
275,91,184
291,101,190
294,87,207
312,79,233
311,73,238
313,79,234
267,61,206
263,67,196
365,98,267
386,99,287
460,134,326
442,146,295
526,158,368
656,200,456
641,180,461
615,171,444
603,182,421
589,186,403
587,193,394
632,205,427
645,207,438
376,348,28
435,405,30
481,443,38
473,428,45
450,400,50
606,545,61
599,540,59
639,579,60
589,531,58
513,460,53
479,430,49
442,397,45
388,343,45
364,320,44
320,280,40
285,251,34
258,212,46
279,225,54
299,238,61
343,269,74
378,307,71
412,344,68
428,349,79
415,341,74
433,359,73
48,42,6
24,21,3
381,326,55
426,372,54
482,424,58
514,453,60
507,443,64
526,456,70
507,437,70
489,419,70
536,476,60
608,547,61
657,588,69
672,583,89
716,612,104
686,581,105
3,2,1
10,6,4
10,7,3
9,7,2
6,5,1
8,6,2
10,5,5
13,6,7
11,6,5
7,3,4
8,2,6
5,3,2
1,1,0
7,1,6
7,4,3
3,3,0
11,5,6
9,4,5
9,4,5
11,3,8
15,5,10
15,4,11
20,6,14
10,4,6
11,4,7
9,5,4
11,4,7
11,2,9
8,3,5
12,8,4
6,5,1
4,3,1
3,1,2
3,0,3
3,0,3
4,0,4
3,0,3
4,1,3
181,130,51
259,169,90
317,204,113
315,211,104
326,223,103
352,243,109
360,244,116
85,50,35
83,49,34
336,208,128
570,379,191
699,463,235
646,425,221
612,402,210
601,402,199
644,426,218
694,464,230
685,457,228
670,445,225
675,464,211
642,440,202
647,452,195
5,4,1
5,4,1
5,3,2
6,4,2
5,2,3
4,3,1
3,1,2
7,4,3
7,1,6
5,2,3
8,5,3
5,4,1
10,6,4
9,5,4
60,21,39
114,37,77
127,45,82
125,41,84
133,49,84
154,52,102
136,46,90
112,37,75
103,30,73
98,24,74
90,21,69
73,15,58
82,18,64
90,26,64
78,19,59
19,4,15
11,2,9
3,0,3
45,31,14
58,45,13
59,51,8
49,43,6
51,47,4
43,40,3
40,36,4
45,39,6
37,34,3
42,38,4
44,38,6
54,47,7
69,60,9
41,35,6
21,18,3
4,3,1
1,1,0
1,1,0
286,197,87
317,232,83
208,158,49
100,79,20
31,26,5
4,3,1
43,22,21
58,24,34
55,22,33
55,21,34
76,25,51
74,26,48
55,17,38
314,276,38
348,288,60
386,322,64
428,355,73
444,367,77
442,368,74
423,363,60
392,333,59
379,327,52
422,334,88
438,352,86
441,351,90
404,311,93
438,340,98
458,367,91
451,347,104
449,325,124
246,185,61
127,99,28
54,40,14
23,14,9
6,3,3
4,2,2
37,17,20
54,25,29
57,32,25
67,37,30
83,47,36
82,49,33
79,47,32
86,48,38
14,7,7
59,37,22
131,95,36
194,136,58
258,188,70
249,175,74
248,176,72
224,152,72
222,145,77
229,146,83
225,135,90
78,31,47
72,21,51
86,30,56
84,26,58
78,27,51
77,25,52
74,20,54
70,20,50
73,20,53
78,22,56
74,23,51
79,25,54
85,22,63
77,21,56
74,23,51
88,36,52
77,27,50
46,14,32
19,6,13
7,2,5
7,0,7
19,4,15
25,5,20
39,8,31
41,8,33
38,8,30
39,12,27
40,12,28
1,1,0
1,1,0
26,21,5
20,17,3
25,20,5
26,23,3
14,12,2
15,13,2
15,14,1
13,12,1
14,10,4
10,6,4
10,5,5
14,6,8
12,8,4
16,8,8
20,12,8
19,10,9
37,18,19
12,4,8
10,0,10
7,1,6
3,2,1
4,2,2
1,1,0
2,0,2
6,2,4
8,1,7
5,1,4
8,1,7
8,2,6
10,4,6
13,5,8
34,8,26
32,10,22
181,160,21
186,167,19
185,169,16
166,154,12
136,127,9
122,113,9
106,101,5
99,91,8
133,124,9
138,127,11
140,123,17
162,140,22
184,155,29
197,160,37
188,150,38
196,160,36
186,156,30
159,129,30
125,98,27
115,84,31
120,87,33
108,87,21
95,74,21
95,79,16
94,77,17
93,77,16
88,72,16
92,78,14
90,76,14
64,55,9
44,37,7
10,7,3
2,2,0
1,1,0
5,2,3
7,3,4
8,4,4
9,5,4
6,2,4
7,2,5
8,2,6
16,3,13
14,2,12
6,1,5
81,57,24
75,52,23
68,50,18
77,50,27
66,43,23
61,36,25
58,40,18
51,35,16
44,31,13
31,22,9
37,21,16
43,25,18
38,21,17
38,18,20
36,20,16
40,23,17
39,23,16
15,11,4
10,7,3
2,1,1
1,1,0
173,133,40
201,156,45
179,132,47
168,128,40
187,148,39
193,151,42
176,136,40
167,129,38
139,110,29
124,98,26
123,99,24
133,101,32
122,94,28
132,98,34
148,104,44
162,107,55
152,108,44
108,76,32
55,40,15
24,15,9
9,5,4
3,1,2
172,152,20
143,134,9
135,126,9
115,102,13
90,79,11
62,55,7
25,23,2
18,16,2
16,13,3
3,2,1
1,1,0
1,0,1
485,243,242
498,252,246
507,260,247
473,217,256
464,218,246
441,213,228
391,196,195
380,198,182
380,180,200
391,191,200
405,201,204
410,191,219
431,192,239
439,205,234
476,218,258
524,225,299
541,222,319
549,205,344
579,199,380
594,193,401
580,171,409
592,162,430
591,166,425
571,158,413
594,161,433
598,163,435
617,182,434
638,187,450
644,173,470
620,168,451
600,153,446
560,130,429
587,143,444
627,138,489
632,134,498
620,123,497
601,107,494
585,99,485
626,128,496
78,42,36
64,32,32
70,34,36
57,36,21
59,32,27
53,30,23
71,36,35
58,33,25
68,39,29
78,39,39
78,36,42
87,37,50
97,41,56
89,38,51
99,43,56
87,40,47
75,27,48
77,27,50
71,22,49
64,21,43
64,24,40
65,23,42
63,24,39
68,24,44
191,60,131
207,72,135
222,69,153
220,74,146
243,81,162
217,67,150
201,69,132
205,64,141
226,69,157
199,58,141
177,46,131
146,43,103
148,51,97
149,48,101
152,50,102
18,1,17
18,1,17
27,16,11
28,16,12
26,13,13
21,10,11
40,19,21
24,10,14
25,10,15
30,11,19
22,9,13
15,6,9
16,6,10
18,9,9
12,7,5
13,7,6
11,5,6
8,3,5
13,10,3
14,11,3
33,17,16
35,15,20
27,16,11
25,16,9
28,14,14
23,9,14
24,14,10
28,19,9
31,15,16
39,20,19
34,17,17
36,20,16
46,28,18
54,37,17
13,8,5
627,474,153
597,434,163
583,412,171
558,395,163
581,415,166
604,435,169
598,423,175
617,447,170
587,415,172
585,406,179
585,403,182
564,380,184
505,335,170
488,326,162
492,326,166
509,324,185
524,345,179
515,319,196
532,324,208
535,328,207
512,300,212
512,298,214
513,305,208
529,300,229
547,308,238
534,308,226
525,310,215
547,300,247
581,324,257
554,319,235
505,291,214
507,286,221
482,274,208
444,247,197
436,240,196
402,220,182
417,241,176
433,250,183
418,251,167
182,150,32
213,176,37
235,197,38
214,177,37
211,171,40
213,172,41
206,156,50
220,168,52
233,184,49
213,163,50
199,137,62
241,171,70
205,144,61
194,138,56
172,116,56
187,125,62
207,127,80
187,118,69
153,100,53
143,91,52
149,94,55
165,103,62
212,135,77
227,147,80
202,125,77
203,114,88
232,140,92
208,124,84
198,124,74
194,115,79
190,102,88
219,131,88
196,116,80
178,113,65
158,97,61
172,105,67
159,83,76
179,86,93
199,99,99
72,13,59
68,7,61
72,13,59
74,17,57
64,19,45
61,16,45
70,20,50
73,15,58
74,15,59
77,17,60
68,24,44
87,24,63
79,17,62
101,31,70
94,25,69
126,29,97
122,32,90
110,23,87
101,25,76
125,31,94
104,23,81
100,16,84
98,14,84
98,16,82
106,18,88
106,17,89
108,18,90
108,15,93
105,18,87
89,19,70
91,18,73
82,17,64
71,17,54
63,15,48
49,13,36
42,9,33
39,4,35
41,2,38
54,3,51
130,50,80
139,47,92
146,41,105
140,47,93
150,58,92
108,34,74
123,32,91
121,42,79
118,36,82
115,43,72
29,7,22
20,6,14
15,3,12
59,14,45
76,21,55
63,16,47
87,21,66
70,19,51
75,21,54
72,19,53
78,19,59
73,20,53
73,13,60
81,13,68
100,19,81
97,17,80
111,15,96
105,21,84
83,23,60
72,16,56
66,15,51
52,9,43
62,15,47
66,14,52
56,11,45
49,8,41
56,8,48
25,3,22
31,3,28
35,5,30
38,7,31
36,7,29
31,8,23
28,5,23
26,4,22
24,3,21
27,2,25
19,0,19
21,1,20
19,1,18
19,2,17
14,2,12
363,115,248
415,156,259
360,150,210
360,172,188
401,186,215
402,179,223
360,161,199
383,188,195
365,173,192
348,170,178
332,161,171
363,164,199
369,180,189
401,193,208
393,182,211
340,160,180
358,179,179
333,167,166
331,153,178
309,142,167
276,116,160
271,93,178
296,102,194
296,98,198
45,23,22
48,25,23
40,22,18
43,21,22
42,17,25
45,18,27
38,20,18
39,20,19
39,13,26
40,10,30
37,11,26
42,13,29
43,15,28
41,12,29
47,18,29
2,1,1
3,2,1
17,10,7
18,10,8
27,8,19
20,7,13
17,6,11
13,9,4
13,5,8
16,8,8
24,10,14
33,15,18
30,14,16
19,4,15
34,11,23
32,11,21
34,14,20
31,15,16
32,12,20
22,8,14
27,12,15
34,14,20
27,8,19
18,9,9
13,5,8
8,3,5
10,2,8
13,4,9
10,5,5
13,3,10
15,4,11
10,2,8
12,6,6
8,5,3
6,5,1
2,2,0
16,13,3
15,13,2
15,14,1
17,15,2
18,16,2
19,16,3
19,16,3
20,18,2
19,16,3
15,13,2
16,13,3
18,14,4
20,14,6
20,14,6
22,17,5
18,13,5
22,15,7
18,12,6
21,15,6
28,20,8
22,15,7
22,16,6
29,19,10
26,16,10
70,36,34
72,43,29
64,38,26
70,44,26
75,52,23
73,51,22
74,54,20
64,38,26
64,41,23
62,38,24
77,48,29
82,47,35
105,63,42
104,64,40
119,78,41
29,10,19
34,9,25
17,5,12
1,0,1
22,17,5
22,17,5
23,17,6
21,14,7
22,16,6
24,18,6
28,22,6
24,19,5
24,19,5
28,23,5
23,18,5
26,22,4
36,30,6
38,33,5
27,25,2
32,24,8
29,20,9
33,23,10
27,17,10
31,17,14
27,15,12
30,17,13
37,23,14
41,26,15
41,28,13
37,26,11
38,25,13
47,27,20
86,52,33
116,65,51
128,77,51
127,75,52
117,70,47
116,73,43
121,74,47
111,65,46
108,72,36
119,75,44
117,77,40
5,0,5
4,0,4
7,0,7
11,0,11
19,3,16
19,5,14
21,5,16
18,5,13
16,3,13
19,1,18
25,4,21
28,4,24
29,4,25
26,4,22
26,2,23
75,67,8
160,140,20
188,171,17
175,162,13
189,177,12
183,168,15
164,148,16
163,149,14
140,127,13
128,118,10
101,94,7
70,65,5
39,36,3
28,22,6
3,3,0
11,10,1
3,2,1
114,70,44
124,69,55
153,91,62
170,91,79
164,87,77
173,106,67
161,101,60
148,86,62
145,81,64
161,83,78
201,116,85
211,115,96
225,130,95
200,103,97
210,111,99
180,83,97
156,86,70
156,85,71
159,82,77
169,78,91
33,13,20
25,3,22
31,5,26
36,8,28
34,11,23
29,5,24
21,3,18
13,2,11
13,4,9
19,5,14
16,7,9
12,5,7
9,4,5
4,3,1
46,25,21
2,1,1
86,66,20
84,59,25
82,54,28
97,67,30
94,64,30
112,76,36
109,73,36
119,77,42
115,72,43
112,67,45
99,56,43
102,63,39
103,62,41
95,56,39
88,52,36
95,50,45
95,51,44
83,48,35
80,42,38
77,45,32
84,49,35
87,51,36
80,49,31
81,47,34
329,162,166
377,202,174
317,170,147
260,144,116
204,122,82
202,108,94
204,107,97
208,116,92
224,139,85
225,140,85
219,126,93
234,127,107
236,123,113
240,122,118
242,124,118
6,6,0
12,10,2
12,10,2
9,7,2
10,7,3
17,15,2
19,12,7
11,6,5
2,2,0
38,28,10
61,41,20
101,60,41
137,79,58
173,101,72
179,106,73
200,126,74
231,134,97
259,145,114
276,152,124
320,174,146
318,167,151
349,190,159
369,187,182
383,194,189
4,2,2
4,2,2
7,3,4
10,5,5
16,13,3
15,12,3
11,7,4
9,3,6
8,3,5
10,3,7
10,7,3
10,8,2
14,10,4
12,7,5
16,10,6
1,1,0
158,93,65
191,102,89
205,101,104
217,121,96
234,120,114
247,117,130
251,126,125
219,99,120
227,111,116
253,135,118
243,142,101
262,158,104
278,157,121
270,161,109
176,97,79
139,75,64
129,70,59
114,62,52
103,63,40
59,34,25
70,40,30
383,146,237
762,312,450
840,366,474
1209,528,679
1069,495,573
795,346,447
908,389,516
876,389,487
811,379,431
784,380,404
816,347,469
697,304,393
619,283,336
707,305,402
730,302,428
723,278,445
696,265,431
720,280,440
1,1,0
21,18,3
25,19,6
26,20,6
26,19,7
29,22,7
31,26,5
34,27,7
34,28,6
37,32,5
43,34,9
45,30,15
47,29,18
49,29,20
52,31,21
44,28,16
50,32,18
39,24,15
48,32,16
44,28,16
49,34,15
53,38,15
56,41,15
54,40,14
67,47,20
71,49,22
68,47,21
59,44,15
67,48,19
75,56,19
70,55,15
65,53,12
70,55,15
67,53,14
54,41,13
54,41,13
46,37,9
28,21,7
16,11,5
12,9,3
8,3,5
20,14,6
33,26,7
46,33,13
4,3,1
10,6,4
38,17,21
39,18,21
47,21,26
41,14,27
49,10,39
50,10,40
46,10,36
54,10,44
65,14,51
56,21,35
49,18,31
68,16,52
68,21,47
70,24,46
72,30,42
78,28,50
76,22,54
81,23,58
77,20,57
67,18,49
76,21,55
75,22,53
63,22,41
68,27,41
79,30,49
84,32,52
75,25,50
138,38,100
154,42,112
136,41,95
157,55,102
149,57,92
179,61,118
144,51,93
100,35,65
58,24,34
12,8,4
1,0,1
1414,831,583
1287,736,551
1147,641,506
1031,573,458
967,511,456
983,519,464
947,534,413
945,570,375
1022,631,391
1072,675,397
1164,728,436
1175,747,428
1401,859,542
1368,830,538
1270,789,481
1340,798,542
1456,848,608
1450,824,626
1389,792,597
1355,767,588
1377,762,615
1426,809,617
1287,738,549
1151,629,522
860,434,426
952,490,462
754,382,372
509,254,254
254,120,134
110,60,50
58,31,27
44,25,19
47,25,22
69,33,36
88,39,49
89,38,51
88,41,47
92,44,48
95,41,52
305,225,80
238,171,67
329,234,94
371,275,96
355,258,94
345,235,107
319,221,97
344,251,93
401,282,119
352,244,108
311,225,86
288,203,85
254,168,86
1158,783,374
2017,1359,652
2,1,1
6,3,3
18,10,8
23,12,11
31,18,13
32,19,13
35,19,16
29,14,15
36,20,16
40,20,20
35,17,18
17,12,5
12,6,6
25,13,12
34,18,16
45,23,22
54,32,22
53,31,22
11,7,4
51,31,20
46,30,16
51,30,21
59,33,26
68,38,30
152,123,29
135,106,29
117,87,30
155,121,34
156,117,39
180,137,43
204,156,48
246,194,52
248,199,49
227,193,34
202,169,33
186,156,30
190,161,29
183,157,26
135,116,19
89,73,16
38,28,10
25,20,5
3,2,1
4,3,1
9,5,4
13,9,4
12,10,2
2,1,1
2,1,1
67,4,63
77,9,68
84,13,71
110,12,98
116,17,99
53,2,51
15,1,14
12,10,2
24,19,5
30,24,6
27,17,10
13,6,7
3,2,1
5,4,1
15,3,12
79,9,70
2,1,1
14,2,12
21,4,17
30,8,22
36,13,23
40,12,28
44,11,33
46,13,33
57,21,36
76,31,45
47,20,27
46,12,34
38,14,24
33,18,15
35,20,15
6,2,4
158,124,34
155,112,43
115,76,39
103,73,30
115,80,35
82,55,27
71,54,17
70,47,23
52,34,18
57,36,21
59,38,21
64,45,19
67,50,17
54,37,17
43,34,9
45,29,16
32,18,14
9,6,3
119,10,109
21,3,18
25,6,19
23,8,15
19,11,8
22,12,10
13,4,9
3,1,2
2,1,1
3,2,1
5,4,1
8,6,2
6,5,1
10,7,3
6,5,1
8,7,1
9,7,2
7,6,1
9,3,6
10,6,4
10,9,1
12,10,2
13,10,3
15,8,7
14,6,8
8,5,3
8,6,2
4,3,1
5,3,2
5,3,2
46,19,27
44,20,24
42,23,19
38,18,20
39,19,20
43,18,25
52,24,28
45,20,25
38,16,22
31,15,16
31,13,18
90,50,40
74,35,39
68,35,33
65,30,35
4,3,1
3,3,0
3,3,0
2,2,0
530,419,111
567,444,123
551,419,132
538,421,117
479,365,114
419,328,91
440,329,111
434,310,124
426,306,120
370,266,104
395,270,125
414,281,133
444,287,157
437,291,146
457,304,153
475,330,145
464,315,149
451,287,164
467,310,157
468,314,154
471,327,144
432,297,135
397,282,115
413,294,119
417,282,135
394,255,138
425,272,152
472,313,159
523,346,177
574,378,195
621,417,203
644,431,213
656,443,213
768,534,234
790,562,228
768,549,219
794,563,231
785,526,259
756,502,252
6,5,1
7,5,2
6,4,2
8,5,3
6,5,1
3,2,1
5,3,2
5,3,2
9,7,2
9,8,1
11,10,1
14,13,1
11,10,1
12,11,1
9,8,1
7,6,1
4,3,1
4,2,2
6,3,3
4,2,2
4,2,2
6,4,2
6,5,1
10,8,2
11,9,2
12,9,3
13,10,3
11,9,2
9,8,1
10,8,2
9,7,2
9,8,1
8,7,1
7,6,1
6,5,1
6,5,1
3,2,1
531,408,123
537,409,128
550,415,135
557,398,159
537,394,143
531,384,147
522,366,156
524,373,151
478,329,149
462,317,145
487,342,145
453,336,117
461,336,125
491,353,138
468,336,132
491,334,157
439,292,147
415,262,153
396,262,134
400,256,144
370,228,142
396,245,151
370,237,133
391,244,147
694,387,307
760,449,311
846,512,333
741,440,301
723,437,286
743,458,284
730,450,279
753,459,294
803,496,307
800,495,305
845,514,331
881,527,354
836,501,335
819,477,342
798,452,346
902,792,110
811,701,110
672,568,104
611,517,94
552,469,83
529,452,77
553,470,83
567,474,93
641,544,97
677,581,96
747,645,102
817,682,135
934,782,152
1119,927,192
1140,939,201
1068,861,207
973,772,201
918,710,208
845,658,187
788,616,172
780,623,157
776,607,169
791,624,167
791,623,168
757,599,158
795,641,154
793,638,155
830,654,175
955,735,219
1090,816,272
1169,875,291
1178,893,284
1241,941,300
1287,970,317
1294,972,322
1319,976,343
1329,972,357
1319,957,362
1225,901,324
9,7,2
11,9,2
11,9,2
10,8,2
11,8,3
8,6,2
7,5,2
9,7,2
7,5,2
8,7,1
8,6,2
5,3,2
9,5,4
8,5,3
12,8,4
13,9,4
12,9,3
8,7,1
4,3,1
6,4,2
4,3,1
5,3,2
6,4,2
8,6,2
7,5,2
7,5,2
4,2,2
5,2,3
5,3,2
9,5,4
7,4,3
8,5,3
9,5,4
8,6,2
8,4,4
10,7,3
10,7,3
11,8,3
10,7,3
8,7,1
5,4,1
6,5,1
3,2,1
9,7,2
9,7,2
6,3,3
5,2,3
7,4,3
15,7,8
16,9,7
13,8,5
7,6,1
11,8,3
9,6,3
10,6,4
8,5,3
7,4,3
8,7,1
7,4,3
5,3,2
4,1,3
3,1,2
35,14,21
34,16,18
38,22,16
37,19,18
37,14,23
36,18,18
38,22,16
26,15,11
25,13,12
25,17,8
22,17,5
16,9,7
11,6,5
13,4,9
17,7,10
27,12,15
38,15,23
41,18,23
36,14,22
37,18,19
33,18,15
43,21,22
40,20,20
33,22,11
37,23,14
40,25,15
36,22,14
32,20,12
37,20,17
39,19,20
41,19,22
37,13,24
36,14,22
33,14,19
34,14,20
35,11,24
36,11,25
49,22,27
54,23,31
508,205,303
844,326,518
866,354,511
873,366,506
817,343,473
831,359,471
786,313,473
750,279,471
716,256,460
732,280,452
50,24,26
51,22,29
60,30,30
56,24,32
49,23,26
50,23,27
49,22,27
38,16,22
29,12,17
21,6,15
9,2,7
7,3,4
1,0,1
2,0,2
7,3,4
15,5,10
21,8,13
27,10,17
32,11,21
40,13,27
45,14,31
47,15,32
47,14,33
41,18,23
39,15,24
37,10,27
62,22,40
94,32,62
100,35,65
132,38,94
154,50,104
106,34,72
88,26,62
112,37,75
120,40,80
128,32,96
123,33,90
102,29,73
131,35,96
132,32,100
92,22,70
78,20,58
73,19,54
90,18,72
93,26,67
85,26,59
101,26,75
375,77,298
447,102,345
497,105,392
532,123,409
612,131,481
588,123,464
551,126,424
605,155,448
674,187,487
671,191,480
644,166,478
615,147,468
597,133,464
614,131,483
656,160,496
42,22,20
44,20,24
43,19,24
39,16,23
36,15,21
45,20,25
33,14,19
33,12,21
28,12,16
29,13,16
33,15,18
35,14,21
34,14,20
32,15,17
30,11,19
31,12,19
32,12,20
36,10,26
27,5,22
21,6,15
23,6,17
27,3,24
28,3,25
24,5,19
48,14,34
64,15,49
62,16,46
56,13,43
44,13,31
44,16,27
39,13,25
32,10,20
27,12,15
25,10,15
28,8,20
22,6,16
24,6,18
23,7,16
29,7,22
286,252,34
323,275,48
354,298,56
426,348,78
484,408,76
501,436,65
463,407,56
380,347,33
368,333,35
313,286,27
301,271,30
302,278,24
325,297,28
383,349,34
414,377,37
534,498,36
572,535,37
588,542,46
679,615,64
762,683,79
785,709,76
837,758,79
816,729,87
750,677,73
636,588,48
563,520,42
477,439,36
434,397,35
446,398,46
469,423,45
524,480,43
608,563,45
697,635,62
791,721,70
905,813,92
1062,952,109
1195,1063,132
1270,1114,156
1184,1032,152
9,6,3
11,8,3
16,11,5
26,17,9
36,26,10
8,6,2
18,14,4
32,26,6
32,26,6
39,32,7
1,0,1
15,10,5
27,18,9
32,22,10
47,37,10
41,32,9
8,5,3
27,19,8
53,36,17
69,48,21
76,51,25
697,544,153
829,623,206
966,721,245
1051,778,273
934,715,219
908,715,193
889,720,169
836,701,135
844,719,125
810,698,112
785,668,117
788,678,110
771,671,100
884,754,130
971,841,130
972,849,123
984,840,144
1044,899,145
1062,910,152
1154,984,170
1179,1009,170
1320,1149,171
1348,1170,178
1252,1083,169
1192,1053,137
1064,943,119
987,867,118
956,834,120
980,858,121
1035,914,121
1169,1033,136
1229,1090,139
1386,1225,161
1514,1292,222
1596,1305,291
1640,1310,330
1748,1328,420
2048,1557,491
2318,1757,559
3,3,0
1,1,0
4,4,0
99,3,96
54,2,52
31,1,30
9,1,8
20,5,15
19,7,12
25,5,20
22,6,16
16,8,8
15,4,11
18,8,10
19,6,13
23,7,16
22,6,16
23,7,16
16,5,11
26,8,18
31,7,24
37,9,28
41,10,31
39,12,27
39,15,24
36,15,21
33,8,25
35,11,24
31,7,24
29,7,22
32,9,23
30,9,21
22,7,15
23,6,17
22,5,17
20,5,15
14,3,11
14,1,13
12,2,10
14,3,11
18,1,17
16,0,16
16,1,14
10,1,9
6,0,6
4,0,4
14,9,5
23,12,11
27,14,13
21,8,13
20,8,12
20,10,10
20,9,11
19,10,9
16,7,9
16,7,9
16,4,12
41,18,23
66,24,42
91,33,58
108,38,70
103,42,61
98,38,60
38,25,13
99,68,31
153,111,42
155,108,47
149,93,56
152,92,60
143,92,51
154,105,48
149,97,51
153,104,49
146,96,50
142,92,50
163,115,48
194,139,55
198,147,51
228,164,64
246,163,83
262,160,102
264,152,112
255,151,104
249,146,103
238,136,102
385,241,144
363,220,142
754,453,300
1006,578,428
1139,652,487
1038,574,464
1020,583,437
1032,583,449
924,534,390
983,542,441
975,534,441
1026,564,462
1015,581,434
934,504,428
1021,575,445
36,5,31
70,11,59
89,20,69
121,22,99
113,24,89
113,28,85
112,22,90
116,27,89
101,25,76
91,22,69
79,17,62
51,39,12
67,46,21
67,44,23
67,46,21
67,49,18
53,39,14
46,33,13
32,23,9
17,14,3
9,7,2
3,2,1
34,1,33
69,1,68
69,4,65
70,2,68
81,4,77
65,2,63
59,2,57
55,3,52
52,3,49
42,3,39
66,1,65
80,3,77
72,2,70
91,2,89
45,1,44
10,1,9
41,5,36
41,5,36
34,2,32
32,3,29
29,5,24
39,6,33
45,10,35
50,5,45
44,10,34
41,9,32
42,8,34
37,4,33
43,5,38
52,7,45
55,7,48
55,5,50
60,5,55
68,7,61
66,10,56
72,8,64
76,6,70
71,7,64
68,7,61
64,8,56
71,10,61
66,8,58
69,7,62
78,10,68
82,12,70
82,10,72
79,8,71
69,6,63
54,7,47
66,12,54
70,15,55
70,13,57
73,9,64
71,9,62
68,9,59
18,3,15
26,8,18
23,7,16
57,22,34
67,35,32
90,45,45
90,40,50
96,39,57
102,38,64
112,41,71
103,35,68
93,37,56
79,26,53
83,29,54
70,22,48
74,20,54
64,25,39
59,20,39
56,31,25
63,35,28
66,33,33
65,32,33
58,27,31
45,20,25
49,22,27
57,25,32
57,29,28
43,22,21
42,16,26
49,17,32
50,19,31
64,18,46
70,18,52
79,24,55
77,25,52
65,22,43
79,26,53
80,26,54
96,32,64
87,28,59
96,32,64
112,38,74
115,48,67
110,40,70
117,44,73
106,38,68
115,44,71
114,44,70
129,51,78
141,56,85
121,47,74
131,46,85
141,49,92
160,55,105
139,48,91
121,43,78
102,44,58
103,41,62
78,30,48
66,23,43
77,25,52
80,19,61
95,25,70
100,27,73
119,37,82
101,31,70
129,26,103
141,23,118
145,16,129
111,9,102
120,10,110
117,16,101
124,22,102
135,18,117
158,22,136
175,17,158
182,22,160
181,22,159
146,15,131
136,17,119
124,16,108
108,17,91
77,8,69
77,8,69
72,7,65
84,8,76
95,9,86
87,9,78
107,15,92
88,12,76
116,32,84
113,21,92
135,27,108
131,31,100
142,30,112
185,44,141
187,43,144
190,50,140
202,50,152
208,60,148
198,57,141
229,66,163
190,51,139
182,66,116
175,61,114
198,65,133
269,68,201
218,33,185
194,15,179
293,18,275
306,40,266
265,46,219
280,28,252
292,24,268
5,2,3
7,4,3
8,5,3
3,2,1
2,1,1
32,28,4
46,36,10
42,35,7
49,39,10
45,35,10
54,44,10
55,43,12
43,35,8
58,52,6
89,77,12
91,80,11
76,67,9
71,62,9
61,52,9
54,45,9
37,30,7
36,28,8
34,32,2
30,27,3
20,16,4
16,15,1
27,19,8
53,39,14
62,52,10
4,2,2
58,51,7
70,60,10
57,48,9
78,65,13
99,91,8
94,87,7
87,78,9
80,70,10
78,70,8
91,76,15
104,96,8
97,82,15
106,87,19
114,100,14
103,88,15
106,89,17
71,55,16
68,50,18
70,54,16
71,56,15
71,56,15
66,55,11
52,47,5
61,51,10
64,49,15
92,77,15
90,76,14
90,79,11
33,27,6
29,26,3
30,25,5
31,23,8
37,30,7
29,22,7
32,28,4
39,30,9
45,33,12
37,27,10
57,45,12
65,53,12
81,65,16
80,66,14
66,54,12
72,55,17
60,48,12
70,51,19
65,38,27
64,42,22
79,45,34
79,46,33
60,36,24
70,41,29
12,9,3
15,11,4
13,10,3
10,8,2
11,6,5
11,6,5
11,8,3
15,10,5
14,9,5
11,8,3
13,9,4
15,8,7
12,8,4
12,10,2
10,6,4
16,7,9
14,8,6
17,10,7
12,6,6
9,5,4
11,7,4
10,7,3
10,6,4
13,5,8
14,5,9
12,2,10
12,6,6
14,8,6
13,7,6
17,8,9
9,7,2
13,7,6
11,5,6
10,7,3
11,6,5
12,4,8
8,2,6
5,1,4
56,1,55
72,2,70
71,2,69
62,1,61
67,1,66
78,2,76
76,2,74
66,1,65
56,1,55
52,1,51
54,2,52
55,2,53
50,1,49
59,4,55
60,5,55
63,3,60
68,3,65
60,2,58
53,0,53
61,0,60
56,1,54
42,1,41
44,0,44
39,0,39
30,1,29
24,1,23
23,0,23
62,2,60
60,2,58
65,3,62
56,2,54
1,1,0
65,37,28
128,68,60
158,85,73
108,55,53
36,20,16
11,5,6
1,1,0
1,0,1
61,35,25
129,66,63
141,64,77
152,70,82
149,71,78
150,80,70
139,63,76
25,16,9
49,27,22
31,13,18
8,2,6
6,1,5
11,2,9
16,8,8
18,9,9
9,2,7
11,4,7
11,6,5
19,12,7
22,9,13
22,10,12
23,10,13
31,10,21
32,12,20
33,13,20
34,14,20
38,15,23
36,14,22
34,11,23
3,1,2
33,26,7
160,117,43
183,137,46
181,142,39
180,145,35
182,144,38
192,155,37
213,173,40
236,191,45
236,178,58
248,187,61
268,212,56
263,202,61
282,201,81
282,194,88
264,185,79
266,189,77
258,180,78
235,153,82
261,180,81
252,178,74
250,172,78
252,162,90
224,159,65
223,160,63
772,571,201
877,664,213
966,715,248
929,679,246
836,613,220
843,611,231
906,640,266
928,623,305
968,646,322
1068,726,342
1127,766,361
1141,804,337
1195,830,365
1243,877,366
1202,834,368
135,65,70
129,57,72
130,55,75
115,49,66
106,52,54
95,44,51
143,72,71
154,77,77
150,66,84
93,35,58
106,40,66
105,35,70
95,33,62
96,40,56
86,39,47
109,45,64
127,50,77
130,51,79
121,41,80
112,44,68
107,46,61
115,56,59
126,52,74
165,75,90
148,53,95
127,47,80
179,62,117
185,63,122
162,58,104
155,59,95
136,55,81
143,59,84
170,61,109
136,46,90
101,35,66
80,24,56
28,10,18
34,16,18
22,10,12
95,33,62
201,74,127
522,157,365
705,222,481
120,59,61
115,54,61
113,55,58
109,61,48
104,53,51
113,63,50
107,52,55
91,44,47
87,44,43
68,32,36
60,27,33
69,33,36
69,33,36
68,37,31
68,33,35
77,32,45
92,33,59
83,31,52
77,32,45
77,28,49
87,37,50
116,43,73
104,41,63
86,37,49
91,33,58
95,32,63
69,22,47
1,0,1
1,0,1
6,2,4
2,2,0
1,0,1
26,6,20
22,4,18
295,29,266
285,32,252
91,8,82
1,1,0
132,45,87
135,41,94
129,46,83
130,45,85
138,54,84
149,53,96
149,53,96
135,50,85
161,66,95
164,65,99
155,64,91
126,48,78
92,38,54
68,27,41
41,18,23
156,65,91
148,69,79
172,69,103
149,66,83
133,57,76
138,58,80
135,55,80
161,57,104
160,57,103
143,47,96
137,42,95
128,34,94
136,35,101
144,39,105
136,45,91
137,40,97
120,37,83
113,33,80
100,27,73
98,28,70
99,32,67
100,29,71
114,41,73
136,46,90
131,40,91
124,34,90
132,36,96
118,31,87
105,31,74
98,29,69
93,27,66
79,18,61
71,18,53
70,18,52
62,17,45
51,15,36
50,13,37
56,15,41
51,14,37
163,135,28
521,448,73
504,444,60
513,446,67
504,436,68
476,417,59
473,410,63
494,423,71
534,455,79
503,429,74
585,488,97
620,512,108
657,545,112
1645,1497,148
1561,1402,159
1507,1348,159
1650,1468,182
1755,1543,212
1945,1711,234
2041,1813,228
2004,1764,240
1864,1645,219
1594,1406,188
1576,1404,172
1516,1353,163
1524,1356,168
1509,1346,163
1533,1364,169
1512,1326,186
1466,1274,192
1419,1242,177
1355,1198,157
1282,1125,157
1207,1034,173
1205,1017,188
1295,1085,210
1423,1203,220
1444,1243,201
1406,1223,183
1195,1045,150
774,691,83
804,717,86
945,837,107
1024,906,116
1128,995,133
1163,1021,142
1170,1034,135
1109,973,135
1146,1002,144
1151,1003,148
1025,879,146
913,786,127
428,33,395
432,27,405
382,21,361
370,19,351
348,17,331
347,13,334
388,17,371
340,11,329
350,11,339
343,11,332
390,11,379
395,19,376
377,27,350
401,32,369
408,32,376
375,27,348
297,19,278
230,19,211
237,19,218
262,22,240
298,25,273
319,27,292
333,33,300
309,32,277
405,39,366
408,36,372
389,30,358
367,27,340
344,26,318
311,20,291
308,19,288
306,22,283
270,22,248
212,22,190
216,16,200
378,25,353
340,24,316
296,17,279
302,23,279
4,3,1
20,14,6
25,21,4
28,24,4
34,25,9
72,58,14
78,63,15
62,47,15
49,37,12
75,61,13
106,89,17
135,115,20
142,126,16
122,110,12
97,86,11
93,85,8
112,101,11
137,117,20
129,107,22
112,96,16
102,85,17
101,87,14
124,110,14
134,121,13
131,118,13
139,125,14
143,127,16
152,138,14
177,158,19
197,179,18
231,210,21
248,218,30
226,197,29
271,230,41
275,228,47
100,76,24
118,73,45
147,117,30
75,45,30
102,59,42
151,94,57
1,0,1
108,50,58
101,51,50
110,50,60
98,43,55
114,51,63
115,54,61
114,54,60
115,57,58
123,62,61
130,63,67
127,53,74
142,63,79
142,65,77
150,65,85
133,56,77
118,48,70
105,43,62
120,48,72
133,52,81
115,43,72
114,44,70
129,52,77
129,50,79
128,52,76
1019,336,683
1058,333,724
1071,340,729
1037,321,713
934,288,645
899,290,608
813,262,550
697,214,482
625,194,430
534,162,372
486,143,343
439,135,304
435,124,311
459,126,332
442,119,323
30,23,7
28,21,7
33,26,7
37,29,8
37,29,8
37,30,7
39,30,9
32,23,9
27,18,9
19,13,6
27,14,13
24,12,12
28,13,15
33,14,19
36,17,19
40,17,23
35,22,13
29,18,11
34,20,14
32,21,11
29,18,11
37,25,12
36,24,12
38,22,16
32,17,15
33,16,17
37,19,18
32,17,15
33,15,18
34,16,18
33,14,19
35,15,20
36,15,21
44,22,22
41,23,18
42,23,19
41,25,16
36,24,12
29,21,8
74,44,30
61,33,28
58,34,24
63,33,30
75,34,41
80,40,40
84,40,44
96,40,56
91,44,47
110,55,55
118,56,62
100,46,54
118,52,66
115,53,62
99,55,44
14,8,6
14,9,5
16,10,6
13,5,8
10,3,7
11,3,8
9,2,7
7,4,3
7,3,4
4,1,3
1,0,1
1,0,1
1,0,1
1,0,1
5,2,3
8,2,6
8,4,4
8,3,5
8,2,6
9,4,5
11,5,6
10,5,5
6,3,3
33,24,9
72,57,15
54,45,9
64,46,18
64,45,19
48,33,15
45,35,10
1,1,0
15,3,12
15,6,9
16,7,9
17,5,12
18,6,12
20,5,15
18,3,15
16,3,13
13,4,9
8,3,5
7,2,5
6,3,3
7,3,4
7,2,5
536,352,184
508,339,169
557,348,209
594,350,244
551,319,232
622,358,264
664,369,295
658,390,268
698,420,278
739,461,278
780,530,250
681,490,191
586,439,147
546,391,155
589,423,166
682,474,208
661,450,211
758,522,236
822,560,262
945,612,333
957,622,335
1026,668,358
1016,673,343
925,640,285
1110,749,361
1058,739,316
970,698,271
785,544,240
732,501,230
702,482,220
580,390,190
662,448,214
655,423,232
605,387,218
626,407,219
705,455,250
721,445,276
845,540,305
887,572,315
26,21,5
69,52,17
100,67,33
98,62,36
109,76,33
122,91,31
121,84,37
128,88,40
127,89,38
183,82,101
176,77,99
176,72,104
197,84,113
220,73,147
199,63,136
218,69,149
222,77,145
222,60,162
215,66,149
193,69,124
204,67,137
228,78,150
235,68,167
245,69,176
164,62,102
154,56,98
278,85,193
343,96,247
354,97,257
367,95,272
362,93,269
375,94,281
389,108,281
413,95,318
440,109,331
414,106,308
413,103,310
397,93,304
443,97,346
439,96,343
493,107,386
518,121,397
529,123,406
517,132,385
493,119,374
469,102,367
536,135,401
480,130,350
124,95,29
119,91,28
100,76,24
86,65,21
74,50,24
78,56,22
64,47,17
66,54,12
56,45,11
70,52,18
68,49,19
103,68,35
130,83,47
169,102,67
204,99,105
218,120,98
177,89,88
124,66,58
45,25,20
28,16,12
24,19,5
20,17,3
16,13,3
6,5,1
5,4,1
1,1,0
40,7,33
33,6,27
33,10,23
31,9,22
40,9,31
45,8,37
44,12,32
46,12,34
48,15,33
51,19,32
55,19,36
65,19,46
59,22,37
59,15,44
60,19,41
54,15,39
45,14,31
46,11,35
38,13,25
37,9,28
34,4,30
31,5,26
30,6,24
28,4,24
95,22,73
102,29,73
111,27,84
96,26,70
96,26,70
86,23,63
81,23,58
77,23,54
64,18,46
53,17,36
43,17,26
42,14,28
37,14,23
36,14,22
36,16,20
74,57,17
47,37,10
44,33,11
34,28,6
29,23,6
32,23,9
18,12,6
13,8,5
17,13,4
23,18,5
20,17,3
23,18,5
15,9,6
14,12,2
2,1,1
2408,1015,1393
2461,1103,1358
2182,960,1222
2074,841,1233
2230,916,1314
2284,921,1363
2269,956,1313
2146,932,1214
2182,1008,1174
2104,971,1133
2184,1089,1095
2171,1041,1130
2093,972,1121
2073,974,1099
2207,1002,1205
2446,1082,1364
2509,1172,1337
2372,1093,1279
2706,1255,1451
2838,1356,1482
2459,1233,1226
2198,994,1204
2075,964,1111
2090,1052,1038
611,478,133
586,446,140
552,400,152
470,324,146
432,305,127
451,313,138
504,347,157
553,401,152
588,453,135
626,483,143
637,506,131
644,501,143
614,472,142
575,447,128
591,459,132
556,432,124
500,373,127
450,318,132
414,286,128
427,302,125
479,345,134
505,387,118
538,414,124
601,468,133
9,1,8
16,0,16
16,3,13
11,3,8
19,2,17
11,3,8
13,2,11
16,3,13
13,2,11
20,0,20
3686,1594,2086
3951,1767,2179
3632,1647,1984
3512,1600,1911
1432,688,744
267,106,161
118,39,79
27,14,13
42,25,17
163,95,68
202,123,79
155,102,53
134,86,48
163,106,57
121,76,45
608,487,121
624,509,115
580,469,111
595,477,117
542,411,131
454,349,104
426,326,99
384,307,77
368,270,98
320,248,72
271,211,60
230,172,58
219,169,50
3,3,0
6,3,3
5,2,3
5,2,3
6,3,3
4,2,2
3,2,1
43,30,13
43,30,13
36,28,8
34,25,9
35,21,14
45,29,16
40,29,11
42,28,14
34,22,12
39,27,12
39,21,18
49,29,20
49,28,21
38,27,11
45,32,13
42,27,15
43,27,16
38,22,16
28,15,13
34,20,14
33,20,13
33,16,17
30,13,17
40,20,20
75,48,27
82,57,25
83,52,31
96,62,34
87,59,27
69,44,24
70,46,24
63,44,19
58,42,16
42,28,14
39,23,16
39,23,16
50,30,20
52,32,20
53,32,21
18,18,0
29,25,4
37,27,10
36,25,11
38,29,9
38,30,8
115,79,36
114,76,38
114,80,34
106,73,33
93,68,25
78,58,20
78,59,19
70,51,19
46,40,6
43,35,8
48,37,11
50,37,13
59,39,20
60,42,18
67,41,26
66,39,27
60,37,23
51,32,19
49,31,18
55,34,21
54,34,20
46,33,13
45,27,18
46,28,18
78,49,29
93,59,34
94,61,33
91,58,33
88,53,35
82,49,33
78,51,27
65,38,27
73,43,30
100,68,32
114,80,34
112,85,27
103,76,27
101,65,36
97,55,42
26,13,13
22,11,11
20,12,8
22,14,8
27,12,15
30,16,14
28,20,8
31,18,13
33,15,18
36,16,20
37,21,16
34,16,18
40,17,23
31,13,18
32,15,17
37,15,22
35,15,20
26,9,17
23,10,13
24,11,13
23,11,12
21,12,9
21,10,11
19,7,12
19,8,11
23,8,15
23,8,15
21,7,14
21,6,15
22,10,12
21,8,13
16,7,9
17,7,10
18,6,12
12,4,8
13,8,5
12,6,6
12,6,6
9,6,3
16,7,9
23,13,10
32,19,13
32,14,17
34,15,19
29,11,17
15,7,8
14,4,10
16,7,9
13,7,6
10,5,5
10,5,5
4,1,3
5,2,3
4,0,4
3,2,1
93,25,68
205,57,148
263,76,187
268,71,197
235,67,168
218,58,160
202,51,151
192,47,145
191,50,141
183,52,131
164,40,124
165,37,128
184,43,141
170,50,120
166,55,111
144,53,91
135,54,81
120,46,74
132,56,76
131,57,74
124,53,71
120,57,63
120,54,66
115,50,65
120,56,64
109,39,70
114,40,74
127,47,80
112,45,67
109,41,68
100,37,63
92,32,60
90,31,59
81,22,59
88,29,59
75,21,54
75,26,49
78,26,52
71,22,49
64,23,41
67,25,42
70,27,43
76,27,49
77,25,52
81,19,62
94,19,75
159,44,115
167,41,126
185,58,127
40,1,39
70,5,65
82,3,79
80,4,76
80,1,79
90,3,87
96,3,93
82,3,79
92,6,86
107,8,99
123,10,113
155,15,140
137,12,125
161,15,146
176,20,156
165,13,152
111,5,106
66,4,62
28,3,25
49,3,46
94,6,88
113,3,110
147,4,143
140,4,136
133,5,128
138,8,130
17,2,15
36,2,34
58,9,49
61,4,57
75,6,69
69,8,61
56,5,51
8,4,4
12,6,6
14,9,5
6,5,1
7,4,3
5,3,2
65,12,53
80,16,64
72,8,64
25,1,24
28,4,24
32,4,28
24,2,22
24,5,19
27,5,22
30,4,26
20,1,19
18,1,17
17,1,16
19,3,16
22,2,20
13,1,12
16,2,14
53,5,48
72,7,65
87,8,79
101,10,91
87,9,78
64,5,59
70,6,64
14,3,11
15,4,11
29,7,22
20,3,17
23,7,16
39,11,28
52,15,37
53,12,41
54,14,40
65,21,44
70,24,46
95,26,69
92,26,66
56,17,39
60,17,43
111,30,81
115,30,85
106,26,80
129,23,106
157,28,129
172,38,134
178,46,132
39,19,20
58,27,31
89,38,51
102,45,57
92,43,49
65,25,40
54,30,24
7,3,4
7,2,5
6,4,2
10,5,5
10,5,5
7,4,3
5,2,3
123,39,84
146,48,98
144,51,93
166,63,103
162,54,108
49,1,48
37,1,36
44,1,43
35,1,34
10,1,9
12,1,11
10,1,9
11,1,10
15,2,13
15,5,10
17,6,11
10,2,8
12,3,9
17,5,12
15,2,13
15,1,14
15,2,13
9,1,8
7,1,6
7,1,6
9,2,7
3,1,2
14,1,13
18,4,14
28,5,23
27,4,23
18,1,17
16,2,14
19,2,17
16,3,13
24,1,23
23,1,22
27,6,21
31,4,27
34,5,29
32,8,24
28,6,22
12,2,10
7,2,5
5,1,4
19,3,16
79,20,59
139,33,106
153,41,112
205,49,156
27,9,18
4,1,3
2,0,2
1,0,1
28,1,27
27,2,25
82,46,36
84,60,24
71,47,24
73,47,26
81,55,26
83,53,30
92,57,35
102,64,38
102,72,30
129,88,41
117,84,33
150,105,45
134,94,40
127,95,32
135,96,39
123,84,39
126,80,46
116,78,38
116,75,41
106,70,36
98,62,36
98,63,35
101,59,42
99,56,43
671,422,249
693,417,275
683,412,270
711,446,263
658,424,233
626,389,236
599,381,217
529,336,192
468,283,183
380,233,145
327,195,132
301,173,128
317,202,115
326,209,117
340,216,124
59,8,51
52,5,47
48,4,44
42,5,37
57,6,51
49,4,45
44,0,44
43,2,41
34,3,31
38,1,37
25,1,24
23,1,22
19,1,18
23,3,20
25,5,20
48,28,20
59,33,26
63,34,29
56,33,23
52,33,19
56,38,18
50,34,16
53,33,20
59,37,22
57,35,22
54,32,22
58,36,22
57,39,18
68,42,26
69,44,25
66,36,30
81,50,31
106,65,41
18,11,7
9,7,2
6,3,3
4,2,2
2,1,1
2,1,1
74,50,24
72,48,24
72,47,25
62,38,24
57,36,21
51,34,17
43,29,14
33,21,12
34,21,13
25,10,15
31,8,23
24,6,18
8,2,6
3,1,2
3,1,2
11,2,9
20,2,18
23,6,17
25,4,21
28,5,23
26,3,23
26,4,22
31,6,25
28,6,22
27,5,22
28,4,24
30,5,25
33,7,26
28,7,21
25,5,20
22,7,15
26,6,20
32,5,27
7,2,5
1,0,1
1,0,1
193,10,183
216,13,202
222,20,202
192,14,178
211,9,202
208,14,192
213,20,191
218,16,202
225,20,205
228,23,205
187,14,173
198,24,174
191,17,174
224,19,204
253,22,230
25,3,22
24,2,22
24,1,23
4,2,2
6,3,3
8,6,2
10,8,2
12,6,6
11,3,8
6,2,4
1,1,0
149,56,93
141,51,90
170,55,115
177,55,122
188,58,130
191,58,133
178,57,121
191,56,135
195,65,130
195,65,129
208,63,145
186,58,128
186,59,127
258,90,168
251,74,177
22,11,11
82,35,47
79,31,48
78,39,39
89,41,48
74,32,42
56,20,36
61,19,42
55,18,37
37,16,21
30,12,18
21,9,12
19,9,10
16,6,10
7,5,2
8,3,5
3,3,0
8,1,7
8,1,7
9,1,8
7,2,5
9,3,6
5,1,4
7,1,6
4,1,3
140,9,131
168,9,159
172,10,162
163,9,154
148,4,144
143,10,133
131,8,123
114,7,107
101,6,95
89,3,86
62,3,59
22,1,21
42,27,15
31,22,9
39,23,16
37,29,8
43,24,19
45,32,13
2,1,1
32,18,14
50,35,15
77,47,30
76,51,25
90,59,31
89,48,41
87,54,33
4,2,2
6,4,2
4,3,1
8,4,4
6,2,4
6,4,2
11,7,4
9,7,2
8,7,1
7,4,3
10,5,5
9,6,3
10,6,4
25,12,13
26,13,13
42,20,22
36,17,19
33,22,11
37,21,16
4,0,4
5,2,3
9,7,2
6,2,4
7,4,3
9,6,3
8,6,2
5,4,1
4,2,2
6,1,5
7,2,5
7,3,4
5,1,4
8,2,6
13,5,8
70,57,13
73,57,16
56,43,13
61,50,11
79,63,16
86,66,20
89,69,20
91,71,20
91,68,23
42,33,9
13,9,4
4,3,1
97,56,41
83,48,35
95,45,50
103,52,51
116,52,64
134,76,58
117,71,46
96,64,32
88,60,28
75,52,23
80,57,23
76,51,25
74,46,28
68,43,25
66,44,22
77,57,20
82,62,20
82,57,25
77,52,25
83,52,31
79,47,32
83,46,37
75,39,36
75,31,44
85,43,42
98,47,51
100,54,46
102,56,46
107,57,50
117,56,61
112,53,59
117,54,63
110,55,55
108,52,56
113,54,59
132,53,79
186,80,106
206,96,110
201,99,102
187,130,57
188,135,53
180,124,56
154,102,52
135,89,46
156,107,49
202,133,69
201,140,61
209,146,63
261,192,69
214,147,67
168,115,53
152,111,41
152,101,51
155,109,46
150,111,39
156,102,54
169,114,55
157,110,47
147,107,40
123,86,37
115,78,37
107,76,31
90,62,28
92,59,33
81,54,27
81,58,23
87,59,28
125,86,39
159,112,47
201,145,56
226,168,58
268,206,62
296,230,66
341,267,74
337,247,90
353,251,102
390,275,115
367,262,105
2,2,0
14,14,0
18,18,0
27,21,6
30,23,7
32,25,7
45,31,14
45,26,19
42,20,22
189,90,99
276,131,145
25,19,6
37,30,7
32,25,7
35,28,7
34,28,6
48,37,11
51,37,14
47,28,19
83,48,35
113,65,48
103,57,46
3,3,0
25,14,10
112,55,57
122,52,70
136,61,74
118,55,63
102,47,55
94,43,51
82,34,48
89,40,49
75,35,40
77,39,38
71,33,38
76,33,43
78,30,48
75,32,43
77,30,47
188,82,106
251,113,138
301,140,161
292,138,154
322,153,169
329,145,184
361,152,209
439,194,245
443,178,265
428,177,251
408,169,239
402,153,249
392,160,232
390,166,224
347,147,200
26,12,14
38,18,20
39,20,19
49,22,27
65,31,34
45,19,26
16,7,9
10,6,4
4,0,4
3,0,3
4,1,3
4,2,2
3,1,2
3,1,2
2,1,1
202,45,157
200,40,160
239,42,197
285,54,231
328,60,268
255,93,162
317,92,225
356,102,254
369,108,261
402,111,290
316,91,224
132,33,98
47,12,34
6,3,3
1,1,0
176,114,62
174,105,69
116,68,48
55,30,25
20,13,7
2,2,0
5,2,3
5,2,3
5,1,4
6,1,5
6,2,4
9,3,6
6,3,3
7,2,5
5,1,4
6,1,5
6,1,5
4,1,3
3,1,2
10,2,8
10,2,8
12,2,10
11,5,6
14,5,9
14,6,8
7,2,5
6,3,3
7,3,4
7,4,3
5,3,2
9,5,4
12,4,8
8,4,4
7,3,4
21,20,1
38,35,3
41,36,5
33,27,6
27,23,4
22,20,2
22,19,3
27,24,3
31,30,1
37,32,5
28,23,5
31,25,6
203,75,128
43,21,22
37,16,21
48,23,25
47,23,24
37,15,22
33,14,19
34,13,21
29,10,19
28,11,17
34,12,22
30,9,21
25,13,12
28,13,15
29,10,19
30,9,21
26,12,14
24,13,11
24,10,14
23,12,11
23,9,14
28,9,19
30,6,24
29,8,21
33,9,24
31,11,20
26,10,16
26,14,12
26,12,14
25,8,17
20,7,13
13,4,9
11,9,2
13,5,8
90,27,63
141,53,88
209,76,133
239,84,155
228,90,138
268,125,143
284,144,140
253,120,133
236,132,104
251,120,131
247,138,109
218,114,104
212,112,100
220,107,113
237,137,100
257,150,107
268,143,125
308,176,132
381,207,174
439,226,213
453,216,237
477,211,266
497,228,269
499,210,289
463,201,262
450,180,270
486,192,294
516,208,308
544,201,343
597,215,382
658,261,397
677,259,418
655,257,397
672,281,390
656,281,374
652,279,372
648,270,377
633,272,361
612,265,347
635,267,368
621,265,356
629,275,354
643,275,368
634,286,348
79,47,32
64,40,24
74,43,31
70,39,31
65,33,32
62,31,31
81,40,41
83,41,42
89,42,47
85,31,54
108,44,64
122,48,74
108,33,75
110,33,77
102,32,70
109,32,77
123,44,79
117,49,68
104,35,69
6,3,3
95,34,61
177,69,108
178,58,120
154,53,101
165,67,98
135,40,95
114,31,83
116,38,78
135,46,89
3,1,2
6,2,4
10,5,5
11,3,8
12,3,9
16,5,11
13,3,10
17,5,12
13,6,7
16,4,12
11,4,7
6,2,4
3,1,2
9,4,5
6,3,3
3,1,2
4,1,3
5,2,3
7,3,4
8,4,4
3,1,2
158,97,61
159,97,62
146,90,56
142,93,49
134,90,44
137,85,52
135,84,51
138,98,40
133,87,46
133,83,50
140,89,51
149,97,52
136,80,56
137,74,63
142,78,64
159,91,68
136,84,52
135,83,52
141,86,55
137,78,59
146,87,59
149,80,69
153,85,68
151,77,74
166,82,84
158,93,65
151,84,67
147,89,58
155,87,68
139,76,63
127,64,63
118,53,65
113,50,63
97,39,58
120,46,74
127,41,86
132,44,88
111,28,83
108,32,76
15,7,8
14,5,9
10,5,5
14,6,8
15,5,10
17,9,8
11,6,5
12,6,6
11,3,8
12,2,10
9,4,5
3,2,1
3,3,0
5,4,1
8,3,5
6,2,4
5,3,2
5,1,4
4,2,2
14,3,11
13,1,12
16,1,15
639,468,171
645,451,194
658,450,208
675,449,226
663,432,231
632,410,222
663,427,236
645,394,251
619,378,241
612,364,248
617,396,221
642,421,221
630,393,237
619,369,250
608,347,261
637,375,262
611,370,241
614,364,250
603,363,240
621,370,251
639,390,249
689,419,270
686,390,296
694,382,312
708,406,300
668,397,270
668,412,255
635,370,265
624,350,274
707,390,317
735,403,332
729,402,327
752,398,354
670,338,332
582,317,265
580,332,248
530,294,236
545,318,227
487,269,218
27,5,22
46,9,37
58,17,41
48,14,34
51,28,23
48,26,22
47,23,24
43,18,25
45,19,26
41,19,22
39,14,25
42,17,25
44,21,23
44,17,27
45,20,25
42,21,21
43,21,22
99,51,48
157,73,84
229,108,121
242,110,132
145,71,74
161,76,85
157,76,81
174,101,73
214,138,76
195,129,66
197,109,88
405,254,150
420,258,161
149,96,53
17,11,6
6,4,2
3,2,1
142,34,108
148,34,114
155,38,117
183,45,138
184,47,137
173,47,126
206,58,148
190,42,148
178,51,127
180,57,123
202,65,137
235,70,165
225,59,166
257,76,181
271,91,180
235,76,159
240,84,156
234,77,157
242,72,170
251,81,170
289,78,211
324,79,245
336,87,249
310,99,211
267,79,188
247,68,179
266,72,194
250,59,191
286,78,208
297,84,213
327,91,235
317,89,228
313,88,225
291,78,213
281,75,206
268,73,195
262,61,200
552,121,427
529,116,408
63,32,31
73,41,32
74,33,41
82,34,48
76,36,40
72,37,35
79,39,40
89,43,46
87,41,46
91,43,48
94,42,52
99,44,55
93,42,51
88,40,48
84,38,46
81,30,51
68,23,45
55,16,39
55,17,38
49,18,31
70,26,44
74,26,48
67,24,43
71,25,46
97,37,60
103,42,61
124,49,75
139,53,86
124,48,76
109,41,68
101,37,64
103,41,62
105,35,70
104,36,68
111,38,73
114,38,76
124,40,84
135,42,93
125,50,75
12,2,10
14,7,7
15,12,3
54,24,30
186,85,101
223,102,121
196,85,111
179,73,106
218,76,142
228,72,156
201,64,137
168,60,108
164,69,95
145,61,84
178,80,98
25,11,14
68,62,6
123,102,21
143,114,29
161,129,32
189,149,40
165,125,40
169,133,36
189,139,50
213,157,56
190,159,31
196,162,34
175,142,33
185,153,32
165,136,29
168,141,27
184,154,30
174,147,27
165,138,27
167,141,26
163,139,24
169,144,25
168,143,25
160,129,31
74,64,10
51,44,7
34,30,4
3,2,1
3,2,1
103,2,101
98,2,96
125,1,124
141,4,137
165,5,160
192,5,187
160,3,157
127,4,123
117,2,115
117,5,112
114,8,106
101,2,99
102,8,94
103,2,101
77,4,73
72,4,68
78,6,72
33,3,30
33,7,26
23,2,21
28,14,14
25,8,17
18,9,9
11,6,5
3,1,2
5,2,3
12,1,11
10,1,9
6,2,4
7,2,5
8,1,7
44,15,29
40,11,29
48,15,33
48,14,34
47,14,33
55,18,37
52,14,38
44,12,32
37,8,29
32,7,25
42,9,33
41,9,32
51,10,41
48,16,32
48,15,33
57,19,38
45,13,32
45,10,35
53,14,39
49,12,37
43,9,34
43,9,34
25,3,22
29,5,24
58,37,21
74,40,34
75,41,34
67,38,29
60,36,24
60,35,25
81,44,37
87,53,34
76,49,27
78,45,33
90,48,42
104,49,55
100,50,50
96,46,50
87,43,44
91,50,41
115,60,55
108,46,62
116,52,64
19,16,3
18,13,5
13,10,3
10,8,2
13,11,2
6,4,2
5,4,1
12,8,4
11,8,3
11,8,3
15,12,3
19,14,5
9,7,2
14,11,3
17,16,1
10,8,2
12,10,2
8,7,1
11,10,1
17,15,2
13,12,1
105,54,51
105,50,55
106,53,53
93,41,52
100,40,60
92,40,52
79,32,47
81,34,47
102,38,64
90,34,56
83,35,48
87,40,47
86,32,54
87,32,55
95,33,62
106,41,65
110,40,70
107,41,66
117,39,78
109,37,72
103,44,59
90,47,43
86,51,35
104,56,48
3,1,2
4,2,2
3,2,1
5,2,3
4,1,3
3,2,1
2,1,1
3,2,1
5,2,3
7,6,1
1,0,1
84,41,43
164,68,95
181,91,89
150,77,73
111,50,61
109,47,62
103,45,58
100,38,62
108,35,73
118,62,56
107,52,55
3,1,2
102,39,63
151,58,93
201,68,133
205,72,133
198,72,126
207,70,137
221,73,148
221,91,130
230,88,142
249,87,162
240,74,166
121,96,25
130,102,28
111,90,21
113,86,27
107,77,30
105,76,29
115,84,31
135,100,35
142,106,36
158,108,50
408,300,108
383,288,95
403,300,103
398,305,93
439,339,100
463,344,119
466,360,106
547,423,124
571,433,138
602,453,149
600,435,165
586,418,168
566,397,169
520,369,151
504,357,147
159,138,20
128,117,10
120,111,8
106,99,7
92,84,8
79,68,11
82,72,10
72,64,8
86,71,15
161,132,29
210,174,36
263,216,47
305,251,54
306,248,57
273,225,48
139,119,20
151,123,28
159,124,35
181,142,39
181,135,46
184,135,49
167,127,40
163,116,47
173,131,42
208,160,48
204,161,43
205,158,47
194,148,46
193,148,45
188,146,42
196,148,48
195,149,46
168,129,39
155,116,39
171,121,50
173,122,51
167,125,42
175,137,38
165,130,35
624,402,222
613,394,219
590,368,222
551,325,226
558,351,206
567,350,217
593,361,232
644,390,254
613,389,224
697,439,258
699,448,251
759,465,294
784,485,299
744,458,285
772,506,265
77,76,1
1012,934,78
1018,936,82
954,868,86
867,789,78
879,793,86
962,863,99
1010,896,114
1006,887,119
971,854,117
854,765,89
933,853,80
998,914,84
988,900,88
1004,907,97
1034,923,111
1028,902,126
1029,894,135
985,843,142
987,858,129
929,813,116
891,791,100
918,832,86
888,802,86
954,845,109
1014,899,115
1055,931,121
1079,952,125
1090,955,133
1099,968,129
1052,936,114
1092,978,112
1055,927,126
1110,956,153
1197,1041,155
1231,1057,174
1251,1069,182
1269,1050,219
1306,1071,235
1285,1037,248
8,2,6
22,3,19
27,7,20
29,13,16
29,13,16
34,13,21
37,19,18
30,11,19
35,14,21
34,14,20
29,11,18
26,14,12
32,16,16
51,23,28
52,22,30
45,20,25
51,24,27
79,30,49
94,30,64
101,26,75
122,34,88
128,44,84
95,31,64
102,31,71
110,31,79
59,17,42
12,2,10
2,0,2
1,1,0
1,1,0
62,33,29
118,59,59
114,57,56
92,42,49
98,44,54
87,34,53
97,38,59
98,39,59
116,50,66
32,15,15
59,34,25
61,33,28
73,40,33
67,37,30
65,42,23
59,36,23
60,38,22
63,37,26
62,39,23
63,35,28
69,39,30
69,43,26
60,39,21
72,44,28
73,47,26
79,51,28
61,36,25
65,37,28
56,32,24
54,24,30
52,26,26
49,23,26
52,25,27
60,23,37
77,31,46
86,37,49
75,32,43
71,32,39
72,32,40
68,28,40
67,24,43
60,21,39
59,25,34
52,24,28
54,21,33
55,22,33
55,22,33
53,20,33
49,20,29
37,8,29
76,17,59
82,20,62
57,43,14
60,41,19
56,40,16
56,38,18
54,35,19
59,41,18
49,36,13
58,38,20
60,39,21
58,35,23
60,34,26
61,36,25
51,31,20
53,33,20
46,28,18
51,32,19
54,36,18
50,31,19
46,30,16
42,25,17
40,25,15
40,25,15
35,23,12
40,26,14
43,27,16
37,21,16
35,19,16
37,17,20
31,13,18
31,13,18
36,15,21
31,15,16
16,8,8
19,9,10
22,10,12
25,12,13
22,10,12
20,5,15
23,8,15
5,4,1
22,13,9
690,293,397
794,324,469
943,435,506
916,454,461
1009,499,508
1041,524,514
1030,528,502
1051,555,496
1113,569,544
1175,602,573
1095,552,543
1041,517,524
997,453,544
1002,462,540
953,418,535
12,7,5
18,10,8
45,15,30
24,11,13
31,16,15
61,30,31
36,16,20
38,23,15
33,13,20
57,22,35
22,13,9
34,16,18
34,12,22
38,16,22
27,12,15
251,144,107
241,142,99
218,110,108
210,110,100
201,95,106
159,65,94
151,69,82
158,69,89
129,53,76
136,66,70
144,72,72
144,68,76
142,62,80
137,59,78
147,67,80
148,59,89
144,60,84
139,56,83
142,66,76
146,60,86
159,76,83
137,64,73
141,60,81
148,60,88
269,116,153
294,133,161
325,149,175
337,165,172
348,162,186
345,168,177
357,173,184
346,167,177
329,158,170
346,169,177
342,167,175
341,177,164
348,193,155
350,197,153
338,178,160
12,11,1
9,8,1
12,10,2
8,7,1
9,6,3
11,9,2
12,9,3
9,6,3
5,5,0
9,8,1
8,7,1
8,7,1
8,8,0
9,9,0
10,10,0
309,130,179
305,134,171
294,130,164
251,112,139
238,103,135
269,119,150
277,117,160
290,123,167
273,111,162
252,104,148
231,92,139
234,99,135
233,107,126
266,120,146
263,109,154
290,123,167
324,136,188
340,141,199
294,119,175
293,111,182
272,110,162
235,93,142
248,95,153
220,84,136
208,82,126
227,101,126
253,119,134
250,124,126
267,132,135
243,118,125
210,104,106
189,90,99
166,77,89
180,80,100
175,75,100
180,74,106
181,75,106
166,71,95
152,72,80
4,1,3
6,2,4
5,2,3
5,1,4
3,1,2
2,1,1
4,2,2
3,2,1
3,1,2
2,1,1
3,2,1
2,1,1
3,2,1
7,4,3
5,4,1
4,2,2
7,1,6
9,1,8
7,1,6
4,1,3
1,0,1
2,1,1
2,1,1
2,1,1
7,3,4
8,3,5
5,2,3
3,1,2
2,0,2
3,0,3
19,12,7
10,5,5
9,3,6
20,10,10
19,8,11
18,9,9
14,7,7
19,9,10
19,10,9
22,14,8
15,10,5
22,10,12
22,9,13
23,12,11
19,11,8
5,2,3
3,1,2
3,1,2
30,12,18
117,54,63
137,64,73
128,64,64
104,54,50
83,48,35
53,31,22
8,6,2
11,7,4
27,15,12
14,6,8
26,17,9
41,28,13
35,22,13
9,6,3
36,16,20
49,24,25
64,24,40
79,36,43
65,28,37
39,18,21
2,1,1
3,2,1
3,2,1
67,42,25
115,61,54
94,48,46
99,47,52
91,47,44
91,50,41
88,52,36
70,42,28
78,45,33
80,53,27
79,55,24
84,55,29
83,46,37
79,38,41
120,55,65
118,58,60
98,60,38
112,69,43
108,65,43
133,74,59
143,78,65
137,81,56
202,114,88
196,122,74
211,121,90
197,95,101
177,87,89
195,99,96
187,102,85
235,122,113
241,126,115
239,128,111
232,115,117
235,124,111
226,105,121
228,98,130
241,98,143
25,16,9
28,22,6
30,24,6
33,25,8
34,26,8
40,31,9
45,36,9
41,32,9
40,29,11
42,27,15
46,27,19
53,32,21
61,30,31
59,26,33
58,22,36
52,21,31
54,21,33
50,20,30
58,24,34
60,27,33
55,27,28
48,23,25
62,32,30
67,32,35
69,33,36
59,25,34
54,22,32
15,8,7
22,10,12
25,8,17
24,8,16
18,8,10
20,11,9
17,11,6
17,10,7
19,9,10
20,7,13
29,7,22
122,45,77
125,54,71
148,67,81
152,61,91
145,58,87
136,50,86
113,45,68
121,45,76
128,52,76
123,57,66
109,49,60
111,48,63
99,42,57
82,33,49
90,42,48
92,42,50
99,48,51
108,44,64
124,42,82
111,29,82
120,37,83
116,35,81
110,36,74
128,47,81
125,48,77
144,55,89
143,46,97
219,64,155
215,64,151
181,55,126
169,46,123
168,49,119
161,50,111
120,34,86
77,24,53
37,11,26
5,1,4
12,11,1
13,12,1
18,17,1
19,13,6
17,14,3
9,8,1
7,5,2
13,12,1
10,9,1
17,9,8
21,13,8
17,7,10
310,163,147
303,178,123
326,197,129
306,182,124
376,233,143
491,292,199
565,351,214
647,396,251
705,439,265
688,429,259
751,463,288
754,444,310
748,433,315
752,452,300
633,356,276
65,18,45
86,29,57
70,20,50
83,29,54
72,24,48
101,31,70
101,38,63
104,30,74
57,16,41
57,18,39
47,12,35
52,16,36
46,17,29
299,126,167
399,170,222
115,106,9
196,183,13
182,168,14
144,134,10
138,127,11
137,124,13
150,138,12
145,131,14
155,136,19
178,158,20
164,142,22
180,154,26
162,142,20
149,125,24
125,105,20
107,91,16
104,87,17
90,76,14
85,71,14
84,71,13
87,73,14
82,71,11
97,77,20
126,103,23
155,128,27
159,136,23
162,139,23
171,138,33
174,152,22
117,102,15
122,105,17
59,49,10
26,21,5
14,11,3
5,4,1
3,2,1
2,2,0
2,2,0
102,83,19
118,99,19
209,184,25
231,203,28
225,196,29
215,185,30
233,204,29
231,200,31
234,201,33
218,190,28
30,11,19
43,14,29
40,14,26
41,12,29
37,11,26
38,13,25
39,15,24
44,17,27
41,9,32
38,10,28
38,14,24
41,17,24
34,14,20
43,16,27
53,19,34
43,15,28
47,18,29
37,13,24
44,14,30
39,13,26
35,13,22
34,10,24
35,8,27
44,9,35
55,11,44
53,10,43
61,15,46
60,16,44
61,14,47
58,14,44
57,16,41
49,14,35
38,11,27
42,14,28
43,12,31
45,13,32
52,11,41
49,12,37
41,10,31
122,53,69
104,60,44
92,42,50
81,32,49
64,30,34
61,31,30
63,30,33
74,35,39
71,34,37
54,27,27
66,32,34
78,44,34
89,49,40
87,44,43
86,49,37
84,49,35
87,46,41
64,27,37
39,17,22
15,8,7
41,17,24
37,15,22
49,20,29
41,17,24
41,24,17
27,16,11
21,11,10
26,15,11
19,13,6
23,15,8
8,6,2
3,2,1
10,8,2
20,15,5
22,18,4
9,5,4
12,8,4
12,7,5
8,3,5
6,3,3
4,1,3
5,0,5
3,0,3
3,0,3
3,0,3
6,2,4
5,2,3
1,1,0
11,6,5
3,1,2
5,2,3
12,9,3
14,12,2
10,9,1
4,3,1
5,2,3
8,6,2
24,18,6
21,11,10
26,17,9
23,13,10
18,11,7
16,6,10
11,5,6
12,5,7
9,4,5
12,5,7
9,6,3
11,4,7
11,3,8
12,6,6
10,6,4
9,5,4
12,5,7
24,12,12
35,12,23
35,10,25
42,14,28
36,10,26
30,11,19
25,8,17
2,1,1
2,1,1
2,1,1
2,1,1
2,1,1
34,28,6
40,30,10
41,29,12
39,28,11
36,25,11
38,27,11
37,27,10
32,23,9
30,20,10
28,20,8
28,19,9
29,16,13
33,22,11
32,21,11
32,22,10
23,17,6
23,18,5
19,14,5
12,10,2
11,9,2
5,4,1
53,50,3
107,95,12
119,102,17
109,93,16
97,84,13
108,98,10
102,94,8
84,76,8
83,73,10
77,72,5
36,34,2
21,20,1
57,24,33
82,27,55
150,47,103
227,77,150
334,86,248
445,118,327
540,151,389
605,191,414
554,190,364
539,183,356
545,194,351
508,183,325
435,167,268
343,129,214
276,113,163
316,112,204
363,131,232
347,123,224
367,100,267
424,114,310
587,185,402
512,138,374
544,151,393
593,171,422
28,18,10
22,13,9
69,31,38
137,71,66
275,129,146
275,118,157
210,101,109
193,106,87
186,95,91
169,90,79
164,90,74
172,91,81
213,98,115
251,127,124
299,144,155
293,138,155
264,122,142
249,114,135
255,101,154
258,110,148
241,100,141
240,95,145
213,91,122
303,129,174
97,32,65
102,39,63
104,39,65
107,43,64
147,49,98
159,60,99
153,56,97
145,51,94
155,59,96
136,54,82
128,62,66
157,76,81
138,64,74
92,43,49
41,16,25
18,6,12
3,1,2
46,19,27
8,4,4
2,1,1
8,2,6
19,12,7
12,8,4
13,9,4
20,14,6
11,5,6
9,5,4
6,5,1
6,4,2
6,3,3
3,2,1
48,20,28
48,16,32
46,17,29
41,13,28
35,11,24
31,9,22
35,9,26
43,11,32
38,12,26
25,9,16
21,4,17
20,4,16
30,6,24
31,7,24
36,4,32
33,28,5
29,24,5
33,29,4
38,32,6
36,33,3
42,35,7
40,31,9
42,33,9
39,31,8
37,27,10
38,28,10
38,30,8
45,34,11
46,37,9
54,44,10
44,34,10
39,30,9
41,32,9
44,35,9
41,31,10
42,36,6
37,32,5
37,31,6
39,33,6
137,106,31
137,105,32
132,104,28
124,97,27
126,103,23
129,107,22
125,103,22
129,99,30
120,87,32
90,65,25
79,60,19
79,58,21
91,68,23
90,63,27
111,82,29
21,5,16
33,11,22
32,13,19
35,15,20
29,13,16
33,8,25
36,9,27
42,11,31
32,12,20
28,9,19
16,3,13
9,1,8
21,3,18
30,7,23
32,8,24
362,336,26
356,325,31
365,337,28
370,340,30
376,341,35
390,351,39
364,327,37
386,345,41
372,333,39
363,319,44
379,338,41
382,339,43
365,332,33
348,319,29
303,278,25
312,290,22
274,257,17
302,278,24
275,255,20
285,261,24
302,269,33
307,267,40
310,268,42
350,298,52
489,404,85
483,403,80
475,399,75
452,387,64
449,388,60
443,387,56
449,387,61
507,436,71
542,469,73
584,504,80
659,560,98
647,535,112
681,549,132
648,514,134
565,430,135
31,18,13
26,15,11
30,15,15
27,16,11
27,14,13
31,15,16
28,11,17
38,13,25
34,10,24
32,7,25
29,7,22
27,11,16
23,9,14
30,13,17
37,15,22
41,18,23
40,19,21
37,16,21
35,16,19
26,12,14
26,14,12
27,14,13
28,11,17
22,11,11
19,9,10
20,10,10
23,11,12
25,13,12
30,12,18
40,17,23
40,17,23
41,16,25
43,21,22
44,24,20
42,23,19
36,14,22
37,15,22
32,12,20
33,12,21
3,2,1
3,2,1
1,0,1
46,29,17
42,28,14
40,30,10
31,23,8
43,32,11
60,41,19
49,35,14
49,38,11
66,46,20
61,41,20
59,41,18
77,48,29
66,46,20
69,51,18
62,44,18
62,45,17
47,32,15
40,30,10
42,32,10
42,28,14
34,24,10
36,23,13
40,24,16
44,28,16
939,558,380
1064,642,419
1114,632,481
1130,651,477
1062,638,424
1017,626,391
913,570,343
826,504,322
749,479,269
716,460,256
688,418,270
628,370,258
615,342,273
696,398,298
768,422,345
6,1,5
4,1,3
6,2,4
5,2,3
5,2,3
3,1,2
3,1,2
3,1,2
2,1,1
3,1,2
3,1,2
2,1,1
2,1,1
2,1,1
6,2,4
2,1,1
2,1,1
2,1,1
4,2,2
4,1,3
3,1,2
3,1,2
1,0,1
1,0,1
188,22,166
272,22,250
288,24,264
328,21,306
287,21,266
270,18,252
260,15,245
271,29,242
241,18,223
22,3,19
13,3,10
241,210,31
488,394,94
14,10,4
12,9,3
9,7,2
15,14,1
35,30,5
71,59,12
67,58,9
60,52,8
59,52,7
71,57,14
74,59,15
75,61,14
99,78,21
100,73,27
111,81,30
151,113,38
150,119,31
139,113,26
151,124,27
170,143,27
121,105,16
77,71,6
66,59,7
73,65,8
65,57,8
72,65,7
92,85,7
65,58,7
56,51,5
36,33,3
48,45,3
26,25,1
9,8,1
8,2,6
21,8,13
160,86,74
160,82,78
183,96,87
182,91,91
189,92,97
193,98,95
202,109,93
191,101,90
209,106,103
200,112,88
195,105,90
195,99,96
217,101,116
224,99,125
193,82,111
205,84,121
191,84,107
173,75,98
166,74,92
159,74,85
168,68,100
152,63,89
174,62,112
193,69,124
1361,373,988
1376,381,995
1451,411,1039
1520,460,1058
1437,406,1031
1417,403,1013
1446,466,977
1446,457,986
1388,416,972
1386,438,947
1399,423,976
1480,436,1044
1556,412,1144
1583,412,1170
1667,437,1230
5,3,2
13,5,8
30,8,22
32,8,24
36,11,25
28,8,20
24,4,20
29,8,21
26,4,22
20,4,16
6,3,3
7,3,4
4,1,3
5,1,4
5,1,4
4,3,1
7,4,3
7,3,4
7,2,5
4,1,3
23,4,19
53,30,23
52,33,19
56,32,24
57,28,29
79,39,40
87,40,47
97,45,52
110,53,57
126,61,65
108,60,48
116,63,53
101,54,47
74,35,39
75,29,46
61,26,35
49,18,31
60,27,33
23,12,11
13,7,6
5,2,3
11,9,2
71,41,30
119,74,45
125,79,46
137,90,47
139,93,46
208,139,69
187,131,56
36,22,14
290,172,117
417,253,163
423,272,150
429,278,150
377,237,139
374,242,132
369,225,144
346,212,134
345,218,127
317,211,106
333,226,107
363,230,133
359,243,116
3,2,1
10,9,1
13,11,2
16,12,4
20,16,4
16,12,4
22,15,7
25,15,10
29,19,10
27,19,8
25,17,8
16,11,5
10,8,2
15,9,6
18,8,10
22,12,10
23,12,11
20,11,9
32,21,11
25,16,9
28,16,12
26,14,12
20,10,10
19,12,7
25,14,11
24,15,9
23,13,10
21,13,8
19,11,8
19,14,5
15,9,6
17,10,7
15,10,5
16,10,6
11,4,7
11,3,8
19,6,13
29,8,21
29,8,21
28,9,19
32,5,27
25,5,20
8,3,5
16,3,13
9,4,5
9,3,6
9,2,7
11,4,7
6,1,5
6,0,6
6,1,5
4,1,3
6,0,6
5,0,5
4,2,2
6,2,4
10,3,7
5,1,4
1,0,1
1,1,0
3,2,1
3,2,1
6,2,4
15,8,7
19,12,7
20,13,7
22,16,6
20,14,6
16,11,5
13,6,7
10,4,6
12,4,8
21,11,10
29,17,12
23,15,8
25,14,11
23,12,11
19,9,10
8,3,5
5,1,4
2,1,1
1,0,1
138,72,66
134,72,62
109,51,58
108,49,59
119,60,59
118,60,58
108,62,46
107,49,58
93,35,58
60,19,41
34,13,21
8,3,5
1,1,0
1,1,0
11,5,6
12,8,4
12,9,3
6,4,2
4,2,2
5,4,1
4,4,0
2,1,1
1,0,1
1,0,1
3,2,1
4,1,3
6,2,4
4,1,3
4,2,2
4,2,2
4,3,1
3,1,2
5,2,3
6,4,2
5,3,2
2,1,1
1,1,0
3,3,0
7,6,1
11,9,2
18,13,5
13,8,5
6,3,3
6,3,3
10,5,5
19,7,12
12,4,8
14,7,7
16,6,10
10,3,7
2,1,1
5,4,1
3,3,0
5,4,1
3,2,1
18,2,16
15,4,11
14,5,9
4,1,3
13,8,5
5,3,2
8,3,5
10,8,2
9,6,3
8,4,4
13,7,6
13,7,6
21,15,6
13,10,3
16,14,2
12,8,4
13,10,3
6,4,2
5,3,2
2,1,1
3,1,2
4,2,2
3,2,1
2,1,1
7,6,1
5,4,1
6,4,2
17,8,9
15,8,7
12,7,5
12,4,8
10,2,8
5,1,4
3,1,2
6,4,2
8,2,6
5,2,3
3,2,1
1,0,1
2,0,2
2,1,1
3,2,1
22,10,12
23,12,11
16,10,6
18,13,5
34,19,15
37,21,16
30,13,17
30,12,18
122,46,76
112,48,64
106,38,68
120,44,76
86,35,51
54,18,36
33,12,21
25,7,18
17,4,13
9,2,7
2,0,2
1,1,0
16,8,8
20,8,12
21,9,12
28,9,19
40,12,28
47,16,31
44,17,27
31,18,13
32,20,12
33,18,15
32,12,20
31,13,18
46,18,28
41,17,24
32,16,16
24,13,11
22,8,14
29,9,20
17,4,13
3,1,2
21,9,12
13,6,7
8,2,6
16,9,7
13,8,5
11,6,5
22,12,10
22,12,10
19,11,8
20,13,7
13,6,7
14,4,10
20,5,15
20,6,14
19,7,12
19,9,10
25,10,15
26,10,16
24,14,10
28,15,13
24,11,13
26,17,9
29,13,16
27,10,17
24,11,13
20,8,12
16,7,9
16,8,8
12,7,5
11,7,4
8,6,2
7,5,2
6,4,2
4,3,1
2,1,1
4,2,2
8,4,4
10,4,6
8,2,6
13,2,11
14,2,12
15,2,13
16,2,14
16,2,14
17,3,14
14,4,10
17,3,14
15,3,12
14,3,11
1,1,0
1,1,0
1,1,0
5,3,2
315,69,246
316,57,259
293,64,229
273,57,216
278,52,226
282,55,227
270,54,216
274,55,219
174,38,136
233,40,193
292,48,244
326,57,269
335,55,280
334,56,278
332,52,280
294,51,243
275,41,234
254,38,216
289,47,242
287,45,242
268,38,230
246,39,207
285,41,244
296,32,264
297,30,267
289,19,270
254,17,237
255,26,229
263,31,232
260,31,229
307,34,273
372,49,323
355,48,307
403,48,355
414,53,361
468,56,412
511,69,442
586,84,502
607,86,521
46,28,18
41,23,18
44,24,20
44,23,21
39,23,16
33,18,15
38,17,21
35,15,20
35,14,21
39,15,24
45,16,29
48,21,27
49,19,30
48,17,31
50,20,30
50,17,33
43,11,32
42,13,29
40,14,26
45,18,27
47,21,26
48,20,28
47,22,25
47,23,24
341,114,227
472,156,316
509,185,323
537,217,319
514,210,302
493,191,301
411,162,249
328,129,199
282,106,176
281,112,169
237,93,144
241,107,134
211,92,119
200,81,119
213,77,136
46,18,28
49,16,33
46,15,31
36,9,27
46,6,40
45,12,33
46,18,28
43,19,24
52,26,26
69,32,37
67,27,40
68,23,45
55,18,37
47,18,29
49,17,32
47,19,28
48,15,33
50,16,34
55,21,34
49,24,25
49,23,26
53,19,34
64,23,41
58,22,36
294,92,201
318,97,221
374,100,274
353,92,261
298,78,220
277,71,206
226,49,177
204,50,154
188,47,141
193,49,144
137,31,106
121,27,94
137,34,103
135,36,99
121,40,81
105,18,87
128,18,110
106,15,91
90,11,79
68,13,55
70,9,61
73,11,62
74,10,64
71,10,61
74,8,66
65,15,50
78,12,66
78,9,69
98,10,88
112,17,95
105,13,92
110,14,96
97,11,86
84,11,73
96,11,85
121,12,109
130,15,115
131,15,116
134,16,118
150,16,134
157,15,142
154,17,137
143,21,122
133,20,112
141,22,119
140,17,123
132,16,116
147,17,130
136,14,122
144,19,125
172,17,155
174,21,153
175,21,154
160,19,140
158,13,145
139,11,128
131,11,120
122,8,114
67,4,63
37,3,34
31,4,27
48,2,46
54,4,50
104,6,98
112,8,104
66,3,63
127,9,118
186,10,176
200,6,194
215,8,207
223,9,214
240,7,233
195,5,190
60,4,56
217,7,210
196,7,189
280,13,267
285,15,270
291,13,278
298,13,285
313,10,302
342,15,327
349,20,329
340,17,322
336,14,322
362,15,347
381,12,369
363,15,348
342,11,331
350,16,334
343,23,320
312,17,295
298,14,284
49,27,22
60,31,29
62,33,29
47,23,24
48,21,27
49,21,28
39,19,20
46,20,26
55,22,33
49,18,31
53,21,32
57,24,33
59,27,32
59,23,36
61,27,34
63,27,36
53,23,30
58,23,35
61,23,38
50,20,30
51,20,31
44,20,24
54,23,31
54,19,35
463,199,264
504,207,297
592,255,337
729,318,410
762,319,443
377,156,221
79,28,51
13,6,7
6,6,0
2,2,0
2,1,1
2,2,0
1,0,1
3,2,1
11,6,5
10,7,3
15,13,2
16,12,4
31,18,13
36,21,15
46,24,22
54,27,27
69,37,32
56,30,26
52,26,26
49,28,21
36,22,14
29,19,10
27,19,8
20,14,6
19,10,9
17,5,12
15,5,10
20,8,12
12,3,9
21,7,14
25,9,16
27,10,17
64,35,29
77,44,33
75,43,32
118,70,48
133,77,56
155,88,67
177,105,72
220,126,94
270,168,102
260,168,92
262,154,108
336,193,143
418,228,190
506,286,220
561,325,236
15,12,3
10,9,1
11,9,2
8,6,2
14,11,3
16,13,3
19,12,7
16,11,5
20,14,6
34,26,8
55,46,9
107,86,21
142,103,39
203,150,53
259,195,64
23,5,18
68,17,51
24,16,8
35,24,11
52,32,20
50,27,23
58,33,25
70,38,32
90,50,40
92,38,54
85,28,57
79,29,50
85,32,53
12,10,2
23,20,3
27,24,3
31,29,2
33,30,3
33,28,5
30,22,8
26,21,5
19,13,6
20,14,6
25,16,9
24,21,3
28,21,7
20,17,3
24,21,3
22,22,0
4,4,0
228,176,52
249,180,68
17,6,11
17,8,9
10,3,7
20,6,14
27,5,22
23,6,17
28,6,22
22,4,18
26,9,17
19,7,12
18,6,12
29,9,20
27,9,18
28,7,21
20,4,16
21,7,14
20,7,13
24,9,15
12,5,7
5,2,3
9,5,4
4,2,2
3,2,1
2,1,1
2,1,1
2,1,1
67,11,56
60,9,51
61,15,46
59,19,40
66,18,48
58,13,45
74,20,54
95,22,73
101,22,79
111,19,92
128,32,96
127,35,92
143,41,102
179,51,128
100,34,66
74,24,50
41,14,27
45,16,29
25,8,17
5,2,3
15,4,11
17,7,10
16,5,11
11,4,7
5,2,3
52,11,41
55,16,39
41,10,31
37,6,31
18,3,15
5,2,3
3,2,1
6,3,3
9,4,5
7,3,4
13,5,8
6,1,5
11,7,4
9,3,6
9,4,5
11,7,4
8,5,3
10,8,2
5,4,1
7,2,5
7,2,5
4,2,2
8,3,5
10,4,6
7,4,3
3,2,1
9,5,4
9,3,6
6,2,4
6,2,4
16,5,11
10,3,7
13,5,8
11,4,7
11,3,8
13,6,7
10,5,5
10,5,5
11,3,8
9,2,7
9,2,7
5,2,3
4,1,3
3,2,1
2,1,1
2,1,1
4,2,2
4,2,2
5,3,2
4,2,2
4,3,1
7,4,3
2,1,1
8,6,2
5,4,1
5,2,3
3,1,2
5,3,2
3,1,2
2,1,1
41,20,21
39,25,14
30,18,12
40,25,15
42,29,13
47,34,13
50,32,18
54,32,22
74,44,30
67,38,29
79,39,40
95,43,52
112,54,58
138,70,68
47,26,21
33,20,13
26,13,13
23,13,10
12,9,3
32,20,12
27,16,11
27,20,7
26,16,10
13,7,6
26,12,14
22,14,8
28,18,10
25,15,10
15,8,7
9,5,4
10,3,7
9,2,7
8,2,6
8,1,7
7,1,6
8,1,7
6,2,4
7,1,6
8,1,7
5,1,4
7,1,6
6,5,1
6,5,1
3,1,2
4,3,1
4,1,3
6,3,3
5,4,1
26,12,14
29,16,13
21,6,15
31,8,23
31,13,18
28,15,13
24,7,17
24,9,15
26,13,13
3,1,2
4,1,3
4,1,3
3,1,2
3,1,2
5,1,4
9,3,6
9,5,4
12,4,8
8,3,5
7,2,5
7,3,4
9,5,4
3,2,1
6,3,3
10,4,6
12,6,6
12,8,4
15,9,6
10,6,4
9,3,6
10,4,6
12,6,6
19,11,8
15,8,7
18,9,9
10,5,5
9,4,5
14,7,7
7,4,3
2,1,1
4,2,2
5,1,4
12,3,9
11,3,8
2,1,1
2,1,1
2,1,1
75,15,60
76,14,62
77,18,59
77,21,56
73,17,56
84,21,63
75,23,52
63,15,48
72,17,55
72,13,59
76,12,64
83,22,61
90,16,74
106,18,88
89,14,75
85,23,62
85,24,61
96,29,67
64,15,49
83,23,60
81,26,55
64,20,44
53,11,42
60,12,48
14,1,13
7,1,6
8,1,7
23,4,19
20,4,16
16,3,13
16,2,14
19,1,18
26,2,24
17,1,16
16,2,14
12,2,10
15,3,12
17,2,15
10,3,7
7,3,4
3,2,1
9,2,7
5,1,4
6,2,4
9,2,7
4,1,3
4,2,2
7,1,6
10,3,7
7,2,5
5,1,4
2,1,1
5,1,4
2,1,1
4,1,3
3,1,2
2,1,1
5,3,2
4,1,3
2,1,1
2,1,1
2,1,1
3,2,1
5,3,2
28,10,18
19,6,13
26,8,18
31,9,22
39,13,26
35,13,22
27,6,21
44,11,33
49,18,31
39,15,24
35,10,25
31,14,17
30,15,15
44,20,24
37,21,16
24,12,12
27,12,15
20,7,13
8,3,5
4,1,3
2,1,1
3,2,1
5,4,1
3,2,1
5,3,2
5,3,2
6,3,3
2,1,1
4,3,1
4,3,1
24,2,22
28,3,25
28,2,26
23,2,21
19,3,16
10,3,7
23,4,19
26,3,23
31,4,27
30,3,27
28,3,25
29,3,26
39,5,34
43,6,37
40,4,36
34,4,30
27,1,26
19,5,14
26,4,22
26,2,24
24,4,20
37,34,3
69,64,5
58,50,8
61,54,7
71,65,6
72,67,5
74,67,7
122,56,66
129,63,66
138,74,64
127,71,56
107,58,49
100,52,48
104,52,52
104,52,52
119,60,59
111,55,56
102,54,48
117,53,64
126,56,70
136,53,83
137,54,83
128,49,79
133,60,73
148,63,85
140,64,76
103,54,49
103,51,52
95,47,48
114,51,63
128,64,64
